<?xml version="1.0" encoding="UTF-8"?>
<project-private xmlns="http://www.netbeans.org/ns/project-private/1">
    <editor-bookmarks xmlns="http://www.netbeans.org/ns/editor-bookmarks/2" lastBookmarkId="0"/>
    <open-files xmlns="http://www.netbeans.org/ns/projectui-open-files/2">
        <group>
            <file>file:/D:/B_S/SS/U/HTL-GKR/BMGT/U_2021_MGI_IV/NEU/WS/I_II_A/J_HTTP_ATask/R/gf_411_jdk_8/E_REST_Server/src/java/kartei/PatientResource.java</file>
            <file>file:/D:/B_S/SS/U/HTL-GKR/BMGT/U_2021_MGI_IV/NEU/WS/I_II_A/J_HTTP_ATask/R/gf_411_jdk_8/E_REST_Server/src/java/Daten/Patient.java</file>
            <file>file:/D:/B_S/SS/U/HTL-GKR/BMGT/U_2021_MGI_IV/NEU/WS/I_II_A/J_HTTP_ATask/R/gf_411_jdk_8/E_REST_Server/src/java/Daten/Eintrag.java</file>
            <file>file:/D:/B_S/SS/U/HTL-GKR/BMGT/U_2021_MGI_IV/NEU/WS/I_II_A/J_HTTP_ATask/R/gf_411_jdk_8/E_REST_Server/src/java/kartei/ApplicationConfig.java</file>
            <file>file:/D:/B_S/SS/U/HTL-GKR/BMGT/U_2021_MGI_IV/NEU/WS/I_II_A/J_HTTP_ATask/R/gf_411_jdk_8/E_REST_Server/web/index.jsp</file>
            <file>file:/D:/B_S/SS/U/HTL-GKR/BMGT/U_2021_MGI_IV/NEU/WS/I_II_A/J_HTTP_ATask/R/gf_411_jdk_8/E_REST_Server/web/index.html</file>
        </group>
    </open-files>
</project-private>
