<?xml version="1.0" encoding="UTF-8"?>
<project-private xmlns="http://www.netbeans.org/ns/project-private/1">
    <editor-bookmarks xmlns="http://www.netbeans.org/ns/editor-bookmarks/2" lastBookmarkId="0"/>
    <open-files xmlns="http://www.netbeans.org/ns/projectui-open-files/2">
        <group>
            <file>file:/C:/Users/jerem/Jeremias/Schule/4_Klasse/MGIN/Uebungen/SS/A_JavaScript/D_Aufgabe_Organauswahl_JS/package.json</file>
            <file>file:/C:/Users/jerem/Jeremias/Schule/4_Klasse/MGIN/Uebungen/SS/A_JavaScript/D_Aufgabe_Organauswahl_JS/Gruntfile.js</file>
            <file>file:/C:/Users/jerem/Jeremias/Schule/4_Klasse/MGIN/Uebungen/SS/A_JavaScript/D_Aufgabe_Organauswahl_JS/.bowerrc</file>
            <file>file:/C:/Users/jerem/Jeremias/Schule/4_Klasse/MGIN/Uebungen/SS/A_JavaScript/D_Aufgabe_Organauswahl_JS/public_html/index.html</file>
            <file>file:/C:/Users/jerem/Jeremias/Schule/4_Klasse/MGIN/Uebungen/SS/A_JavaScript/D_Aufgabe_Organauswahl_JS/bower.json</file>
            <file>file:/C:/Users/jerem/Jeremias/Schule/4_Klasse/MGIN/Uebungen/SS/A_JavaScript/D_Aufgabe_Organauswahl_JS/gulpfile.js</file>
        </group>
    </open-files>
</project-private>
