<?xml version="1.0" encoding="UTF-8"?>
<project-private xmlns="http://www.netbeans.org/ns/project-private/1">
    <editor-bookmarks xmlns="http://www.netbeans.org/ns/editor-bookmarks/2" lastBookmarkId="0"/>
    <open-files xmlns="http://www.netbeans.org/ns/projectui-open-files/2">
        <group>
            <file>file:/C:/Users/jerem/Jeremias/Schule/4_Klasse/MGIN/Uebungen/SS/A_JavaScript/REST_Server_Patientenakte/web/index.js</file>
            <file>file:/C:/Users/jerem/Jeremias/Schule/4_Klasse/MGIN/Uebungen/SS/A_JavaScript/REST_Server_Patientenakte/web/index.html</file>
        </group>
    </open-files>
</project-private>
