<?xml version="1.0" encoding="UTF-8"?>
<project-private xmlns="http://www.netbeans.org/ns/project-private/1">
    <editor-bookmarks xmlns="http://www.netbeans.org/ns/editor-bookmarks/2" lastBookmarkId="0"/>
    <open-files xmlns="http://www.netbeans.org/ns/projectui-open-files/2">
        <group>
            <file>file:/C:/Users/jerem/Jeremias/Schule/4_Klasse/MGIN/Uebungen/C_HTML/C_HTML/D_Aufgabe_CSS/bower.json</file>
            <file>file:/C:/Users/jerem/Jeremias/Schule/4_Klasse/MGIN/Uebungen/C_HTML/C_HTML/D_Aufgabe_CSS/public_html/newcss.css</file>
            <file>file:/C:/Users/jerem/Jeremias/Schule/4_Klasse/MGIN/Uebungen/C_HTML/C_HTML/D_Aufgabe_CSS/Gruntfile.js</file>
            <file>file:/C:/Users/jerem/Jeremias/Schule/4_Klasse/MGIN/Uebungen/C_HTML/C_HTML/D_Aufgabe_CSS/public_html/index.html</file>
            <file>file:/C:/Users/jerem/Jeremias/Schule/4_Klasse/MGIN/Uebungen/C_HTML/C_HTML/D_Aufgabe_CSS/public_html/hose.jpg</file>
            <file>file:/C:/Users/jerem/Jeremias/Schule/4_Klasse/MGIN/Uebungen/C_HTML/C_HTML/D_Aufgabe_CSS/public_html/tshirt.jpg</file>
            <file>file:/C:/Users/jerem/Jeremias/Schule/4_Klasse/MGIN/Uebungen/C_HTML/C_HTML/D_Aufgabe_CSS/gulpfile.js</file>
            <file>file:/C:/Users/jerem/Jeremias/Schule/4_Klasse/MGIN/Uebungen/C_HTML/C_HTML/D_Aufgabe_CSS/.bowerrc</file>
            <file>file:/C:/Users/jerem/Jeremias/Schule/4_Klasse/MGIN/Uebungen/C_HTML/C_HTML/D_Aufgabe_CSS/package.json</file>
        </group>
    </open-files>
</project-private>
