<?xml version="1.0" encoding="UTF-8"?>
<project-private xmlns="http://www.netbeans.org/ns/project-private/1">
    <editor-bookmarks xmlns="http://www.netbeans.org/ns/editor-bookmarks/2" lastBookmarkId="0"/>
    <open-files xmlns="http://www.netbeans.org/ns/projectui-open-files/2">
        <group>
            <file>file:/C:/B_F/SS/U/HTL-GKR/BMGT/U_1617_MGI_IV/WS/C_HTML/S/F_Aufgabe_S/src/rest/REXT_Server_Patientenakte.java</file>
            <file>file:/C:/B_F/SS/U/HTL-GKR/BMGT/U_1617_MGI_IV/WS/C_HTML/S/F_Aufgabe_S/src/rest/Class.java</file>
        </group>
    </open-files>
</project-private>
