<?xml version="1.0" encoding="UTF-8"?>
<project-private xmlns="http://www.netbeans.org/ns/project-private/1">
    <editor-bookmarks xmlns="http://www.netbeans.org/ns/editor-bookmarks/2" lastBookmarkId="0"/>
    <open-files xmlns="http://www.netbeans.org/ns/projectui-open-files/2">
        <group>
            <file>file:/C:/Users/jerem/Jeremias/Schule/4_Klasse/MGIN/Uebungen/C_HTML/B_HTML/D_Aufgabe_Patientenkartei/Gruntfile.js</file>
            <file>file:/C:/Users/jerem/Jeremias/Schule/4_Klasse/MGIN/Uebungen/C_HTML/B_HTML/D_Aufgabe_Patientenkartei/public_html/karl.html</file>
            <file>file:/C:/Users/jerem/Jeremias/Schule/4_Klasse/MGIN/Uebungen/C_HTML/B_HTML/D_Aufgabe_Patientenkartei/gulpfile.js</file>
            <file>file:/C:/Users/jerem/Jeremias/Schule/4_Klasse/MGIN/Uebungen/C_HTML/B_HTML/D_Aufgabe_Patientenkartei/.bowerrc</file>
            <file>file:/C:/Users/jerem/Jeremias/Schule/4_Klasse/MGIN/Uebungen/C_HTML/B_HTML/D_Aufgabe_Patientenkartei/bower.json</file>
            <file>file:/C:/Users/jerem/Jeremias/Schule/4_Klasse/MGIN/Uebungen/C_HTML/B_HTML/D_Aufgabe_Patientenkartei/public_html/kurt.html</file>
            <file>file:/C:/Users/jerem/Jeremias/Schule/4_Klasse/MGIN/Uebungen/C_HTML/B_HTML/D_Aufgabe_Patientenkartei/public_html/frieda.html</file>
            <file>file:/C:/Users/jerem/Jeremias/Schule/4_Klasse/MGIN/Uebungen/C_HTML/B_HTML/D_Aufgabe_Patientenkartei/package.json</file>
            <file>file:/C:/Users/jerem/Jeremias/Schule/4_Klasse/MGIN/Uebungen/C_HTML/B_HTML/D_Aufgabe_Patientenkartei/public_html/index.html</file>
        </group>
    </open-files>
</project-private>
