<?xml version="1.0" encoding="UTF-8"?>
<project-private xmlns="http://www.netbeans.org/ns/project-private/1">
    <editor-bookmarks xmlns="http://www.netbeans.org/ns/editor-bookmarks/2" lastBookmarkId="0"/>
    <open-files xmlns="http://www.netbeans.org/ns/projectui-open-files/2">
        <group>
            <file>file:/C:/Users/jerem/Jeremias/Schule/4_Klasse/MGIN/Uebungen/SS/D_J_EE/O_JSP_II/B_Aufgabe_JSTL_EL/nbproject/build-impl.xml</file>
            <file>file:/C:/Users/jerem/Jeremias/Schule/4_Klasse/MGIN/Uebungen/SS/D_J_EE/O_JSP_II/B_Aufgabe_JSTL_EL/src/java/htl/NewServlet.java</file>
            <file>file:/C:/Users/jerem/Jeremias/Schule/4_Klasse/MGIN/Uebungen/SS/D_J_EE/O_JSP_II/B_Aufgabe_JSTL_EL/web/bootstrap.css</file>
            <file>file:/C:/Users/jerem/Jeremias/Schule/4_Klasse/MGIN/Uebungen/SS/D_J_EE/O_JSP_II/B_Aufgabe_JSTL_EL/web/addPerson.jsp</file>
            <file>file:/C:/Users/jerem/Jeremias/Schule/4_Klasse/MGIN/Uebungen/SS/D_J_EE/O_JSP_II/B_Aufgabe_JSTL_EL/web/overview.jsp</file>
        </group>
    </open-files>
</project-private>
