<?xml version="1.0" encoding="UTF-8"?>
<project-private xmlns="http://www.netbeans.org/ns/project-private/1">
    <editor-bookmarks xmlns="http://www.netbeans.org/ns/editor-bookmarks/2" lastBookmarkId="0"/>
    <open-files xmlns="http://www.netbeans.org/ns/projectui-open-files/2">
        <group>
            <file>file:/C:/Users/jerem/Jeremias/Schule/4_Klasse/MGIN/Uebungen/C_HTML/C_HTML/G_Aufgabe_Patientenformula/.bowerrc</file>
            <file>file:/C:/Users/jerem/Jeremias/Schule/4_Klasse/MGIN/Uebungen/C_HTML/C_HTML/G_Aufgabe_Patientenformula/public_html/index.html</file>
            <file>file:/C:/Users/jerem/Jeremias/Schule/4_Klasse/MGIN/Uebungen/C_HTML/C_HTML/G_Aufgabe_Patientenformula/gulpfile.js</file>
            <file>file:/C:/Users/jerem/Jeremias/Schule/4_Klasse/MGIN/Uebungen/C_HTML/C_HTML/G_Aufgabe_Patientenformula/bower.json</file>
            <file>file:/C:/Users/jerem/Jeremias/Schule/4_Klasse/MGIN/Uebungen/C_HTML/C_HTML/G_Aufgabe_Patientenformula/package.json</file>
            <file>file:/C:/Users/jerem/Jeremias/Schule/4_Klasse/MGIN/Uebungen/C_HTML/C_HTML/G_Aufgabe_Patientenformula/Gruntfile.js</file>
        </group>
    </open-files>
</project-private>
